<?xml version="1.0"?>
<document type="freeswitch/xml">
    <X-PRE-PROCESS cmd="set" data="local_ip_v4=127.0.0.1"/>
    <X-PRE-PROCESS cmd="set" data="domain=127.0.0.1"/>
    <X-PRE-PROCESS cmd="set" data="sound_prefix=$${sounds_dir}/en/us/callie"/>
    <section name="configuration">
        <configuration name="switch.conf">
            <cli-keybindings>
                <key name="6" value="reloadxml"/>
                <key name="7" value="console loglevel 0"/>
                <key name="8" value="console loglevel 7"/>
            </cli-keybindings>
            <settings>
                <param name="colorize-console" value="true"/>
                <param name="max-sessions" value="1000"/>
                <param name="sessions-per-second" value="30"/>
                <param name="loglevel" value="debug"/>
            </settings>
        </configuration>
        <configuration name="modules.conf">
            <modules>
                <load module="mod_console"/>
                <load module="mod_logfile"/>
                <load module="mod_event_socket"/>
                <load module="mod_sofia"/>
                <load module="mod_dialplan_xml"/>
                <load module="mod_dptools"/>
                <load module="mod_commands"/>
                <load module="mod_expr"/>
                <load module="mod_sndfile"/>
                <load module="mod_callcenter"/>
				<load module="mod_lua"/>
            </modules>
        </configuration>
        <configuration name="console.conf">
            <mappings>
                <map name="all" value="console,debug,info,notice,warning,err,crit,alert"/>
            </mappings>
            <settings>
                <param name="colorize" value="true"/>
                <param name="loglevel" value="info"/>
            </settings>
        </configuration>
        <configuration name="logfile.conf">
            <settings>
                <param name="rotate-on-hup" value="true"/>
            </settings>
            <profiles>
                <profile name="default">
                    <settings>
                        <param name="logfile" value="$${base_dir}/log/freeswitch.log"/>
                        <param name="rollover" value="10485760"/>
                    </settings>
                    <mappings>
                        <map name="all" value="debug,info,notice,warning,err,crit,alert"/>
                    </mappings>
                </profile>
            </profiles>
        </configuration>
        <configuration name="event_socket.conf">
            <settings>
                <param name="listen-ip" value="127.0.0.1"/>
                <param name="listen-port" value="8021"/>
                <param name="password" value="ClueCon"/>
            </settings>
        </configuration>
		<configuration name="lua.conf" description="LUA Configuration">
		    <settings>
			  <hook event="CUSTOM" subclass="sofia::reinvite" script="on_reinvite.lua"/>   
		    </settings>
		</configuration>
        <configuration name="callcenter.conf" description="CallCenter">
            <settings>               
            </settings>
            <queues>
                <queue name="support">
                    <param name="moh-sound" value="$${base_dir}/sounds/moh.wav"/>
                </queue>
            </queues>
            
            <agents>
                <agent name="1000" type="callback" contact="[leg_timeout=10,sip_h_X-Client-IP-Addr=1.1.1.1]user/1000" />
                <agent name="1001" type="callback" contact="[leg_timeout=10,sip_h_X-Client-IP-Addr=2.2.2.2]user/1001" />
            </agents>
            <tiers>                
                <tier agent="1000" queue="support" level="1" position="1"/>
                <tier agent="1001" queue="support" level="1" position="1"/>
            </tiers>
        </configuration>
        <configuration name="sofia.conf">
            <global_settings>
                <param name="log-level" value="0"/>
                <param name="debug-presence" value="0"/>
				<param name="capture-server" value="udp:30.0.0.53:9060;hep=3;capture_id=101"/>
            </global_settings>
            <profiles>
                <profile name="internal">
                    <domains>
                        <domain name="all" alias="true" parse="false"/>
                    </domains>
                    <settings>
                        <param name="context" value="default"/>
                        <param name="sip-port" value="5060"/>
                        <param name="dialplan" value="XML"/>
                        <param name="rtp-ip" value="$${local_ip_v4}"/>
                        <param name="sip-ip" value="$${local_ip_v4}"/>
                        <param name="auth-calls" value="true"/>
						<param name="sip-capture" value="yes"/>
                    </settings>
                </profile>
                <profile name="external">
                    <domains>
                        <domain name="all" alias="false" parse="false"/>
                    </domains>
                    <settings>
                        <param name="context" value="public"/>
                        <param name="sip-port" value="5080"/>
                        <param name="dialplan" value="XML"/>
                        <param name="rtp-ip" value="$${local_ip_v4}"/>
                        <param name="sip-ip" value="$${local_ip_v4}"/>
                        <param name="auth-calls" value="false"/>
                    </settings>
                    <gateways>                        
                    </gateways>
                </profile>
            </profiles>
        </configuration>
    </section>
    <section name="dialplan">
        <context name="public">
            <extension name="xfer-to-default">
                <condition field="destination_number" expression="(.*)$">                    
                    <action application="transfer" data="$1 xml default"/>
                </condition>
            </extension>
        </context>
        <context name="default">
			<extension name="cc-position">
                <condition field="destination_number" expression="^cc_position_(\d+)$">
					<action application="digit_action_set_realm" data="in_cc_announce"/>
					<action application="lua" data="callcenter-announce-position.lua postion $1 700 #"/>
					<action application="digit_action_set_realm" data="in_cc_waiting"/>
					<!--action application="play_and_get_digits" data="1 1 1 0 9 ivr/ivr-you_are_number.wav&ivr/ivr-you_are_number.wav&digits/$1.wav  silence_stream://250 res #" inline="tre" /-->					
                </condition>
				<condition field="${res}" expression="^#$">
					<action application="transfer" data="700"/>
				</condition>
            </extension>
			<extension name="out-of-queue">
                <condition field="destination_number" expression="^700$">
					<action application="playback" data="vm.mp3"/>		
					<action application="transfer" data="100"/>					
                </condition>
            </extension>
            <extension name="cc">
                <condition field="destination_number" expression="^100$">					
					<action application="set" data="playback_delimiter=&"/>
					<action application="export" data="execute_on_answer=lua on_answer.lua"/>
					<action application="set" data="cc_export_vars=execute_on_answer"/>					
					<action application="bind_digit_action" data="in_cc_waiting,#,exec:transfer,700"/>
					<action application="bind_digit_action" data="in_cc_announce,9,exec:log,''"/>
					<action application="digit_action_set_realm" data="in_cc_waiting"/>
					<action application="set" data="result=${luarun(callcenter-announce-position.lua ${uuid} support 7000)}"/>
                    <action application="callcenter" data="support"/>
                </condition>
            </extension>
            <extension name="local-accounts">
                <condition field="destination_number" expression="^(1...)$">
					<action application="set" data="sip_copy_custom_headers=false"/>
					<action application="export" data="fs_send_unsupported_info=true"/>					 
                    <action application="bridge" data="user/$1"/>
                </condition>
            </extension>
        </context>
    </section>
    <section name="directory">
        <domain name="$${domain}">
            <params>
                <param name="dial-string" value="{presence_id=${dialed_user}@${dialed_domain}}${sofia_contact(${dialed_user}@${dialed_domain})}"/>
            </params>
            <groups>
                <group name="local">
                    <users>
                        <user id="1000">
                            <params>
                                <param name="password" value="9999"/>
                            </params>
                        </user>
                        <user id="1001">
                            <params>
                                <param name="password" value="9999"/>
                            </params>
                        </user>
                        <user id="1002">
                            <params>
                                <param name="password" value="9999"/>
                            </params>
                        </user>
                    </users>
                </group>
            </groups>
        </domain>
    </section>
</document>